id,email,name,lastName,password,photo,myDate,gender
1,v1@mail.ru,user1,NULL,$2b$05$Fj5H4HZG7I7SfLWKaoGKeOEyF/vtcfPRgzwVjSkq9RxHl6/gjiJXW,NULL,"2022-06-19 15:04:35",NULL
2,v2@mail.ru,user2,NULL,$2b$05$t4mL.qh2rhKe/9mmQkLJW.0.m11SXt6AKfsS4.nm7RklZTBN5.DVS,NULL,"2022-06-19 15:05:16",NULL
3,v3@mail.ru,user3,NULL,$2b$05$C9pjM40xRjIqVdOnKgCOgeVkGU23YF5FZHQYVmNGVDmwNZrB7QPjW,NULL,"2022-06-19 15:05:41",NULL
4,v4@mail.ru,user4,NULL,$2b$05$JAKz8fFILJ2CjopES20B6eOQLfD.8JaysU4bb1ILjk0enTWsv34Qu,NULL,"2022-06-19 15:06:48",NULL
5,v5@mail.ru,user5,NULL,$2b$05$0CsfIo80Mmo76ypaFd01oOcFW.aS1xsRrkZCUn8UJDFppw42hKNgq,NULL,"2022-06-19 15:07:15",NULL
6,v6@mail.ru,user6,NULL,$2b$05$5urpEAz/W1a7qI.lUo4Wm.bRzRINZSl65indmOT6eTz54WzbAkvVG,NULL,"2022-06-19 15:07:41",NULL
7,v7@mail.ru,user7,NULL,$2b$05$crm4PIvFPGclrs7EMZVJ0OgLbCPE9Cjm/ZThbLg.IERwmOo13SXhK,NULL,"2022-06-19 15:08:13",NULL
8,v8@mail.ru,user8,NULL,$2b$05$gvofOt7fhVujxGhNUhYFFunM.MsVpT6aFzriXiTY2vJr2tONAj4AW,NULL,"2022-06-19 15:08:43",NULL
9,v9@mail.ru,user9,NULL,$2b$05$jlaflkHLj63Jg7H5zpAI8Orlpuu3wpFvm6SwG.X8PdE5j35XhyJYq,NULL,"2022-06-19 15:09:12",NULL
10,v10@mail.ru,user10,NULL,$2b$05$HstsofagdcHx2dZ5TuyaXuYN9fhFXcGSfzmpPykp2MK2bp1IbRz7e,NULL,"2022-06-19 15:09:46",NULL
11,v11@mail.ru,user11,NULL,$2b$05$pIsVOgn..NG0RuuqYKHg/.Bmx3s.GjL6JUNPLeocDBMBnkEDPEzdW,NULL,"2022-06-19 15:10:36",NULL
12,v12@mail.ru,user12,NULL,$2b$05$cNUmPrlFhay/K3xkZdycBOeM5GICwdgss/HRfgHGwGk.7OGcgDCO6,NULL,"2022-06-19 15:11:07",NULL
13,v13@mail.ru,user13,NULL,$2b$05$BxkXaWT4/daz0CRdgisnMeevNauTOzPVrwlbw7tK9kBk6SPeJoIIC,NULL,"2022-06-19 15:11:39",NULL
14,v14@mail.ru,user14,NULL,$2b$05$ouh3PASweJbkXG8i9IPb2.UXidooHxHMX.59FVcWs7UYTLFnK74YS,NULL,"2022-06-19 15:12:02",NULL
15,v15@mail.ru,user15,NULL,$2b$05$w5rSd4jBnAdYFo1tjVt4KOU4nbk1War0oPuPfqDu0T3t3sjQMzV/u,NULL,"2022-06-19 15:18:18",NULL
16,v16@mail.ru,user16,NULL,$2b$05$GY2pCMGgz0A2w6NQo9ekJ.5bA8yXDlB4SZdT94Zns9Vm6WdULM8rW,NULL,"2022-06-19 15:18:49",NULL
17,v17@mail.ru,user17,NULL,$2b$05$MNbb.MCnjQKz5.0MdheZoemFb97Eu/zmr1nl5cFZLAaQtwVFOHoTS,NULL,"2022-06-19 15:19:58",NULL
18,v18@mail.ru,user18,NULL,$2b$05$s0nyUWdBC8eokciojhEJvuYykKY3pzDlDph1RKBuvmCNuRoWFRkOu,NULL,"2022-06-19 15:20:54",NULL
19,v19@mail.ru,user19,NULL,$2b$05$D8f8BlQu5UqOZBgR3O41auYg.AUDQT9crxZsT5GKh8ddAR7hWXKNS,NULL,"2022-06-19 15:21:19",NULL
20,v20@mail.ru,user20,NULL,$2b$05$apb74NBOrOMhx7peD01HaOfFfvthI45Q.26W8K4/kP7sHzWOmrWZu,NULL,"2022-06-19 15:21:45",NULL
21,v21@mail.ru,user21,NULL,$2b$05$FgqYjO0XUXBoiXIq1LDffO6xhqqd4tpk3EbQnqS8P9N1hkyiToJGS,NULL,"2022-06-19 15:22:07",NULL
